r2,mae,mse,rmse
-0.0365220308303833,104.27154541015625,13534.337890625,116.33717329652204
